{
	"kosciol mariacki": 	[50.061841, 19.939369, 2],
	"Prozak 2.0": 			[50.059175, 19.938103, 4],
	"Muzeum Narodowe": 		[50.061578, 19.923611, 3],
	"Kopiec Kosciuszki": 	[50.056591, 19.893161, 5],
	"Wawel":				[50.054284, 19.935391, 2],
	"Ogrod zoologiczny":	[50.058897, 19.854370, 1]







}