{
	"kosciol mariacki": 	[50.061841, 19.939369],
	"Prozak 2.0": 			[50.059175, 19.938103],
	"Muzeum Narodowe": 		[50.061578, 19.923611],
	"Kopiec Kosciuszki": 	[50.056591, 19.893161],
	"Wawel":				[50.054284, 19.935391],
	"Ogrod zoologiczny":	[50.058897, 19.854370]







}