{
	"wroclaw": 				[51.107883, 17.038538],
	"poznan": 				[52.406376, 16.925167],
	"torun": 				[53.013790, 18.598444],
	"zielona gora": 		[51.935619, 15.506186],
	"szczecin":				[53.428543, 14.552812],
	"rzeszow":				[50.041187, 21.999121],
	"olsztyn":				[53.770226, 20.490189]






}