{
	"Hong Kong": 			[22.22623, 113.97157, 2],
	"Singapore ": 			[1.359990, 103.807166, 2],		
	"London ": 				[51.529739, -0.126322, 2],
	"Macau": 				[22.200603, 113.544414, 2],
	"Bangkok":				[13.767089, 100.502631, 2],
	"Antalya ":				[36.895978, 30.712609, 2],
	"Kuala Lumpur  ":		[3.139530, 101.686989, 2],
	"New York City ":		[40.712341, -74.004819, 2],
	"Paris  ":				[48.855198, 2.353578, 2],
	"Istanbul  ":			[41.005780, 28.966843, 2],
	"Dubai  ":				[25.216580, 55.266600, 2],
	"Mecca  ":				[21.395620, 39.856121, 2],
	"Miami  ":				[25.762260, -80.198571, 2],
	"Rome  ":				[41.901770, 12.492033, 2],
	"Shanghai ":			[31.261774, 121.496218, 2],
	"Barcelona ":			[41.383402, 2.166951, 2],
	"Las Vegas  ":			[36.170873, -115.145969, 2],
	"Cairo  ":				[30.052330, 31.233740, 2],
	"Beijing  ":			[39.909973, 116.406516, 2],
	"Los Angeles  ":		[34.046782, -118.274182, 2],	
	"Pattaya  ":			[12.927472, 100.881569, 2],
	"Amsterdam ":			[52.365786, 4.896438, 2],
	"Tokyo  ":				[35.745043, 139.762171, 2],
	"Prague ":				[50.075257, 14.437030, 2],
	"Moscow ":				[55.753643, 37.628277, 2],
	"Phuket  ":				[7.973398, 98.333801, 2],
	"Dublin ":				[53.348380, -6.269675, 2],
	"Punta Cana ":			[18.560723, -68.369828, 2],
	"Vienna ":				[48.205879, 16.376586, 2],
	"Madrid  ":				[40.416528, -3.704938, 2],
	"Kiev  ":				[50.455665, 30.522005, 2],
	"Orlando ":				[28.538980, -81.378293, 2],
	"Taipei  ":				[25.016750, 121.478895, 2],
	"Mugla ":				[37.215264, 28.362496, 2],
	"San Francisco ":		[37.775023, -122.425563, 2],		
	"Edirne  ":				[41.677204, 26.556160, 2],		
	"Toronto  ":			[43.680371, -79.395305, 2],
	"Berlin  ":				[52.517075, 13.413802, 2],
	"Seoul ":				[37.552433, 126.990731, 2],
	"Chennai ":				[13.079287, 80.254396, 2],
	"Guangzhou ":			[23.271885, 113.432223, 2],			
	"Sydney  ":				[-33.874138, 151.191954, 2],
	"Budapest  ":			[47.500148, 19.027997, 2],
	"Denpasar ":			[-8.672673, 115.209852, 2],
	"Sharm el Sheikh ":		[27.968807, 34.364222, 2],	
	"Buenos Aires  ":		[-34.624125, -58.420233, 2],
	"St Petersburg ":		[59.933423, 30.395685, 2],
	"Warsaw  ":				[52.232387, 21.008989, 2],
	"Damascus  ":			[33.516601, 36.275005, 2],
	"Ho Chi Minh  ":		[10.822065, 106.618337, 2],
	"Cancún   ":			[21.169997, -86.851957, 2],
	"Delhi   ":				[28.618383, 77.205840, 2],
	"Brussels   ":			[50.850698, 4.342145, 2],
	"Mumbai   ":			[19.072413, 72.878430, 2],
	"Bucharest   ":			[44.422928, 26.108333, 2],
	"Aleppo   ":			[36.205292, 37.135880, 2],
	"Munich  ":				[48.135444, 11.581601, 2],
	"Marrakech   ":			[31.630180, -7.979358, 2],
	"Mexico City   ":		[19.427836, -99.117439, 2],
	"Jakarta ":				[-6.211272, 106.848057, 2],
	"Vancouver   ":			[49.283686, -123.122493, 2],
	"Auckland  ":			[-36.848288, 174.755545, 2],
	"Rio de Janeiro   ":	[-22.914372, -43.227412, 2],
	"Lima   ":				[-12.061332, -77.039958, 2],
	"Milan  ":				[45.464371, 9.187005, 2],
	"Seattle   ":			[47.604062, -122.342090, 2],
	"Lisbon   ":			[38.722147, -9.139285, 2],
	"Gdansk   ":			[54.351359, 18.654292, 2],
	"SaoPaulo  ":			[-23.556172, -46.624383, 2],
	"Agra  ":				[27.174596, 78.007482, 2],
	"Jaipur  ":				[26.911425, 75.773416, 2],
	"Johannesburg ":		[-26.204460, 28.036954, 2],
	"Chiang Mai  ":			[18.798768, 98.961286, 2],
	"Shenzhen  ":			[22.547057, 114.057980, 2],
	"Christchurch  ":		[-43.535802, 172.646541, 2],
	"Hangzhou  ":			[30.282216, 120.137592, 2],
	"Athens   ":			[37.986743, 23.728035, 2],
	"Venice   ":			[45.489927, 12.245975, 2],
	"Florence  ":			[43.769744, 11.253315, 2],
	"Honolulu  ":			[21.306201, -157.843728, 2],
	"AbuDhabi   ":			[24.454069, 54.399338, 2],
	"Halong  ":				[20.923028, 107.181480, 2],
	"Washington DC   ":		[38.906277, -77.033785, 2],
	"Burgas  ":				[42.509630, 27.468406, 2],
	"Riyadh   ":			[24.728585, 46.671351, 2],
	"Varna  ":				[43.215715, 27.912710, 2],
	"Cape Town ":			[-33.936484, 18.474776, 2],
	"Melbourne  ":			[-37.827067, 145.030122, 2],
	"Hurghada  ":			[27.249321, 33.805221, 2],
	"Edinburgh  ":			[55.958848, -3.188475, 2],
	"Minsk   ":				[53.902319, 27.560450, 2],
	"Suzhou   ":			[31.309088, 120.582433, 2],
	"Zurich  ":				[47.375785, 8.537056, 2],
	"Sharjah  ":			[25.351558, 55.424094, 2],
	"Kolkatta  ":			[22.577791, 88.392697, 2],
	"Algiers   ":			[36.754068, 3.058759, 2],
	"Chicago   ":			[41.872719, -87.643804, 2],
	"Krabi   ":				[8.085624, 98.919752, 2],
	"Queenstown   ":		[-45.031638, 168.666106, 2],
	"Manila   ":			[14.598985, 120.981792, 2]



}