{
	"Hong Kong": 			[22.22623, 113.97157, 2],
	"Singapore ": 			[1.359990, 103.807166, 2],		
	"London ": 				[51.529739, -0.126322, 2],
	"Macau": 				[22.200603, 113.544414, 2],
	"Bangkok":				[13.767089, 100.502631, 2],
	"Antalya ":				[36.895978, 30.712609, 2],
	"Kuala Lumpur  ":		[3.139530, 101.686989, 2],
	"New York City ":		[40.712341, -74.004819, 2],
	"Paris  ":				[48.855198, 2.353578, 2],
	"Istanbul  ":			[41.005780, 28.966843, 2],
	"Dubai  ":				[25.216580, 55.266600, 2],
	"Mecca  ":				[21.395620, 39.856121, 2],
	"Miami  ":				[25.762260, -80.198571, 2],
	"Rome  ":				[41.901770, 12.492033, 2],
	"Shanghai ":			[31.261774, 121.496218, 2],
	"Barcelona ":			[41.383402, 2.166951, 2],
	"Las Vegas  ":			[36.170873, -115.145969, 2],
	"Cairo  ":				[30.052330, 31.233740, 2],
	"Beijing  ":			[39.909973, 116.406516, 2],
	"Los Angeles  ":		[34.046782, -118.274182, 2],	
	"Pattaya  ":			[12.927472, 100.881569, 2],
	"Amsterdam ":			[52.365786, 4.896438, 2],
	"Tokyo  ":				[35.745043, 139.762171, 2],
	"Prague ":				[50.075257, 14.437030, 2],
	"Moscow ":				[55.753643, 37.628277, 2],
	"Phuket  ":				[7.973398, 98.333801, 2],
	"Dublin ":				[53.348380, -6.269675, 2],
	"Punta Cana ":			[18.560723, -68.369828, 2],
	"Vienna ":				[48.205879, 16.376586, 2],
	"Madrid  ":				[40.416528, -3.704938, 2],
	"Kiev  ":				[50.455665, 30.522005, 2],
	"Orlando ":				[28.538980, -81.378293, 2],
	"Taipei  ":				[25.016750, 121.478895, 2],
	"Mugla ":				[37.215264, 28.362496, 2],
	"San Francisco ":		[37.775023, -122.425563, 2],		
	"Edirne  ":				[41.677204, 26.556160, 2],		
	"Toronto  ":			[43.680371, -79.395305, 2],
	"Berlin  ":				[52.517075, 13.413802, 2],
	"Seoul ":				[37.552433, 126.990731, 2],
	"Chennai ":				[13.079287, 80.254396, 2],
	"Guangzhou ":			[23.271885, 113.432223, 2],			
	"Sydney  ":				[-33.874138, 151.191954, 2],
	"Budapest  ":			[47.500148, 19.027997, 2],
	"Denpasar ":			[-8.672673, 115.209852, 2],
	"Sharm el Sheikh ":		[27.968807, 34.364222, 2],	
	"Buenos Aires  ":		[-34.624125, -58.420233, 2],
	"St Petersburg ":		[59.933423, 30.395685, 2],
	"Warsaw  ":				[52.232387, 21.008989, 2],
	"Damascus  ":			[52.232387, 21.008989, 2],
	"Ho Chi Minh  ":		[52.232387, 21.008989, 2],
	"Cancún   ":			[52.232387, 21.008989, 2],
	"Delhi   ":				[52.232387, 21.008989, 2],
	"Brussels   ":			[52.232387, 21.008989, 2],
	"Mumbai	  ":			[52.232387, 21.008989, 2],
	"Bucharest   ":			[52.232387, 21.008989, 2],
	"Aleppo   ":			[52.232387, 21.008989, 2],
	"Munich  ":				[52.232387, 21.008989, 2],
	"Marrakech   ":			[52.232387, 21.008989, 2],
	"Mexico City   ":		[52.232387, 21.008989, 2],
	"Jakarta ":				[52.232387, 21.008989, 2],
	"Vancouver   ":			[52.232387, 21.008989, 2],
	"Auckland  ":			[52.232387, 21.008989, 2],
	"Rio de Janeiro   ":	[52.232387, 21.008989, 2],
	"Lima   ":				[52.232387, 21.008989, 2],
	"Milan  ":				[52.232387, 21.008989, 2],
	"Seattle   ":			[52.232387, 21.008989, 2],
	"Lisbon   ":			[52.232387, 21.008989, 2],
	"East Province   ":		[52.232387, 21.008989, 2],
	"SãoPaulo  ":			[52.232387, 21.008989, 2],
	"Agra  ":				[52.232387, 21.008989, 2],
	"Jaipur  ":				[52.232387, 21.008989, 2],
	"Johannesburg ":		[52.232387, 21.008989, 2],
	"Chiang Mai  ":			[52.232387, 21.008989, 2],
	"Shenzhen  ":			[52.232387, 21.008989, 2],
	"Christchurch  ":		[52.232387, 21.008989, 2],
	"Hangzhou  ":			[52.232387, 21.008989, 2],
	"Athens   ":			[52.232387, 21.008989, 2],
	"Venice   ":			[52.232387, 21.008989, 2],
	"Florence  ":			[52.232387, 21.008989, 2],
	"Honolulu  ":			[52.232387, 21.008989, 2],
	"AbuDhabi   ":			[52.232387, 21.008989, 2],
	"Halong  ":				[52.232387, 21.008989, 2],
	"Washington DC   ":		[52.232387, 21.008989, 2],
	"Burgas  ":				[52.232387, 21.008989, 2],
	"Riyadh   ":			[52.232387, 21.008989, 2],
	"Varna  ":				[52.232387, 21.008989, 2],
	"Cape Town ":			[52.232387, 21.008989, 2],
	"Melbourne  ":			[52.232387, 21.008989, 2],
	"Hurghada  ":			[52.232387, 21.008989, 2],
	"Edinburgh  ":			[52.232387, 21.008989, 2],
	"Minsk   ":				[52.232387, 21.008989, 2],
	"Suzhou   ":			[52.232387, 21.008989, 2],
	"Zurich  ":				[52.232387, 21.008989, 2],
	"Sharjah  ":			[52.232387, 21.008989, 2],
	"Kolkatta  ":			[52.232387, 21.008989, 2],
	"Algiers   ":			[52.232387, 21.008989, 2],
	"Chicago   ":			[52.232387, 21.008989, 2],
	"Krabi   ":				[52.232387, 21.008989, 2],
	"Queenstown   ":		[52.232387, 21.008989, 2],
	"Manila   ":			[52.232387, 21.008989, 2]



}